{"cameraMode":{"drawMode":0,"name":"Shaded","section":"Shading Mode"},"sceneLighting":false,"audioPlay":false,"sceneViewState":{"m_AlwaysRefresh":false,"showFog":false,"showSkybox":false,"showFlares":false,"showImageEffects":false,"showParticleSystems":false,"showVisualEffectGraphs":true,"m_FxEnabled":true},"in2DMode":false,"pivot":{"x":-0.49299871921539309,"y":2.4733896255493166,"z":-0.07967540621757508},"rotation":{"x":-0.0036307794507592918,"y":0.9962712526321411,"z":-0.06766100972890854,"w":-0.05355004966259003},"size":3.7340242862701418,"orthographic":false}